1,プリンスハイツ市川
2,シテラ川崎グランフォンテ
3,横浜高島タウンハイツ
4,ビッグヴァン横浜西
5,ヴィルヌーブ戸塚
6,ライオンズマンション藤沢弥勒寺
7,クリオ藤沢弐番館
8,ビッグヴァン湘南辻堂
9,マリンシティダイヤモンドパレス
10,ネオハイツ田町
11,ワコー三田マンション
12,ニューハイム田町
13,アルシオン芝浦
14,高輪グランドハイツ
15,ＮＫ五反田コータース
16,藤和島津山コープ
17,目黒グリーンコープ
18,クレッセント目黒2
19,ライオンズマンション広尾第２
20,ニューハイツ青山
21,ニューステイトメナー
22,目白ハイツ
23,グランテラッセ西早稲田 南館
24,パレドール目白
25,マンション大塚
26,藤和南大塚コープ
27,メゾン・デラビル巣鴨
28,武蔵中原パークホームズ
29,ライオンズガーデンテラス武蔵新城
30,エフユニバース
31,ナイスサンソレイユ妙蓮寺
32,ランドシティ横濱山手参番館
33,ビッグヴァン横濱山手
34,サングレイス新杉田
35,藤和鎌倉台コープ
36,ハイツ中野
37,ネオコーポ高円寺
38,横川エンゼルハイム阿佐谷
39,プリンスマンション
40,キャニオングランデ荻窪
41,西荻第2国際マンション
42,日伸西荻プラザ
43,エステート吉祥寺
44,中銀三鷹マンシオン
45,ダイアパレス立川
46,レーベンハイム浦和常盤
47,中銀川口マンシオン
48,ハイネス川口
49,藤和川口本町コープ
50,ジェム赤羽アドバンスドシティ
51,トーカンマンション王子
52,トーア飛鳥山マンション
53,エンゼルハイム下末吉
54,ちぇるる野毛
55,グランデュオ本牧
56,トーカン山手タウンハウス
57,コーラル根岸
58,パルスポート新本牧
59,ローレルスクエア港南台B棟
60,日神パレステージ板橋
61,コスモ浦和西
62,サンクス東中野マンションＡ棟
63,中野プリンスマンション
64,ライオンズマンション高円寺南
65,イトーピア吉祥寺マンション
66,朝日三鷹マンション
67,東急ドエル・アルス平和橋
68,サンライフ大山
69,ライオンズヒルズ板橋中台
70,ライオンズマンション平和台第2
71,ライオンズマンション成増
72,キャッスルマンション目白西
73,エクセレントフォーラム中村橋
74,富士見台パークホームズ
75,レインボー石神井公園マンション
76,マージュ練馬高野台
77,ハイツ石神井公園
78,石神井台ガーデニア弐番館
79,ひばりヶ丘プラザ
80,カルム野方
81,上石神井ビューハイツ
82,ルミエール田無
83,マンション赤堤テラス
84,上北沢テラス
85,クレッセント芦花公園
86,NICハイム千歳烏山
87,調布ガーデンハイツ
88,キャッスルマンション府中参番館
89,ドムス高井戸
90,エザンス高井戸
91,パークアベニュー芦花公園弐番館
92,サンライン成城ハイツ
93,狛江ハイタウン４号棟
94,マイキャッスル向ヶ丘遊園
95,ソフトタウン生田
96,ライオンズガーデン百合ヶ丘
97,ライオンズマンション小田急相模原第3
98,ベルドゥムール海老名弐番館
99,アルス鶴間
100,湘南グリーンハイツ１号棟
101,ライオンズタワー片瀬江ノ島
102,セブンスターマンション東山
103,柿の木坂パレス
104,学芸大ハイツ
105,秀和清水池レジデンス
106,シャンボール第二都立大
107,コスモ自由が丘
108,ライオンズマンション元住吉第３
109,ガーデンズ綱島スカイウイング
110,パークシティ綱島弐番街
111,妙蓮寺パークホームズ
112,セザール第ニ妙蓮寺
113,横浜エクセル三ツ沢
114,エンゼルハイム大井
115,秀和等々力レジデンス
116,駒沢ガーデンハイツＢ棟
117,アルカサル世田谷上町
118,日商岩井第2玉川台マンション
119,マイキャッスル用賀ヒルズ
120,玉川瀬田タウンホーム
121,コスモ梶ヶ谷ルセーヌ
122,リリファ鷺沼
123,鷺沼南パークホームズ参番館
124,プレディオ鷺沼第一
125,グリーンシテイー第２たまプラーザ
126,たまプラーザ美しが丘スカイマンションＣ棟
127,あざみ野スカイマンション
128,ライオンズガーデン藤が丘壱番館
129,コスモ青葉台イーストヒルズ
130,コローレ青葉台Ａ棟
131,つきみ野スカイハイツ
132,ナイスアーバン石川台
133,パーク・ハイム雪が谷
134,ライオンズマンション世田谷
135,目黒不動前ハイツ
136,グランドメゾン目黒
137,秀和大岡山レジデンス
138,ニューライフ東品川
139,エクセル南品川
140,アーバンヒルズ吉野町 売事務所・店舗
141,グランコート六ッ川ガーデン
142,ライオンズマンション上大岡第８
143,グリーンビレッジ上大岡
144,ビラカーサ四谷四丁目
145,日商岩井第2方南町マンション
146,日神パレス東日暮里第２
147,シティハイツ三ノ輪
148,北上野永谷コーポラス
149,グランコピエ広尾
150,ライオンズマンション神楽坂第３
151,なぎさニュータウン３号棟
152,葛西サンハイツ
153,フドウ山本ハイツ
154,プライム赤坂
155,氷川アネックス2号館
156,インペリアル赤坂フォラム
157,コープ野村練馬氷川台
158,ファミール氷川台
159,西池袋ローヤルコーポ
160,ファミール浜園
161,藤和半蔵門コープ
162,日興パレス文京
163,キクエイパレス戸越
164,プライムコート中馬込山の手台
165,セザール仲池上
166,ピアースコード西馬込
167,蓮根ファミールハイツ2号棟
168,蓮根サンパワー
169,シャルム見次公園
170,シャンボール志村坂上
171,いづみハイツ本蓮沼
172,ニューハイム板橋
173,藤和シティコープ板橋
174,サニーコート滝野川
175,パシフィック魚籃坂
176,サンビューハイツ白金台
177,サンヴェール船堀
178,アルファホームズ新神楽坂アスティオン
179,ライオンズテラス豊島園第２
180,エンゼルハイム練馬春日町
181,エリム春日町パークタワー
182,コトー横浜星川二番館
183,ライオンズマンション上星川
184,プロムナード仲町台3号棟
185,リステージ岸根公園ヴィルクール
186,横浜岸根公園パーク・ホームズ
187,ＣＩＴＹ ＷＩＮＤＳ 横浜三ツ沢公園
188,ライオンズガーデン横浜蒔田
189,セルコヴァハイツ綱島
501,マンション中野坂上
502,ライオンズマンション桜新町
503,ヴェルティ石神井公園
504,ライオンズマンションたまプラーザ第６
505,ユニベル長津田
506,成城オリンピックマンション
507,新和泉ビル
508,マイコート羽村
509,リーベスト西千葉
510,杉並コーポラス
511,五十栄ビル
512,柳恵キングハイツ
513,サングレイス十日市場
514,マンション第二明大前
515,ライオンズマンション瀬谷第２
516,池袋マンションヒルハイム
517,トマス本八幡
518,自由ヶ丘第７コーポ405号室
519,プレミアムフォレスト柏
520,豊栄狛江マンション
521,メゾンドール駒込
522,エントピア五月園
523,クリオ片倉町六番館
524,渋谷コーポ
525,アリュージュ三ノ輪
526,パシフィック江古田マンション
527,本町ハイツ
528,向島パークハイツ
529,江田ビレジＡ棟
530,シェリーヒルズ横浜
531,パークタウン茅ヶ崎１０号棟
532,東荻窪マンション
533,財住協１３三鷹マンション
534,池袋マンションヒルハイム
535,ＮＩＣアーバンハイム日吉第２
536,成城マンション
537,田町東豊エステート
538,サンマンション青葉台ガーデン
539,常盤台パークハイツ
540,マンションＶＩＰ目黒
541,コープ野村市ヶ尾
542,京王南台コーポラス
543,ライオンズマンション下総中山
544,ヴィラテック早稲田
545,武蔵野桜橋マンション
546,アーバイル池上
547,クイーンハイツ浅草橋
548,ライオンズマンション逗子披露山公園
549,大宮平和台マンションＡ棟
550,日商岩井方南町マンション
551,カーサ和泉
552,レーベンハイム西小岩ロイヤルガーデン
553,ライオンズプラザ大宮
554,リーデンススクエアあおば山の手台五番館
555,コーポ大岡山
556,レインボー目白
557,自由ヶ丘第７コーポ403号室
558,ベルディ早稲田東
559,パラスト野方
560,ライオンズマンション高砂第２
561,赤坂パレスマンション
562,富士見コーポ
563,ライフレビュー綱島東
564,グリーンキャピタル亀戸水神
565,秀和豊玉レジデンス
566,アローハイツ上北沢（オーナーチェンジ）
567,ハイラーク武蔵小杉
568,藤和シティコープ松戸小根本
569,グランドパレス田町
570,マイキャッスル湘南逗子サン・ヴェローナ２番館
571,目白台ハイツ
572,コートハウス三鷹
573,グレイス吾妻
574,ライオンズマンション等々力
575,鎌倉ロジュマンＢ棟
576,シーアイマンション桜上水
577,シティウィンズ横浜三ッ沢公園
578,ライオンズマンション桜上水
579,グランヴァン高田馬場（オーナーチェンジ）
580,パロス三鷹
581,エステート岸谷公園
582,クオーレ武蔵大和パテラ
583,マンション市谷台
584,武蔵野サンハイツ武蔵小金井
585,府中日鋼団地１６号棟
586,目白台コーポ
587,ミタカローヤルマンション
588,府中日鋼団地３１号棟
589,ライオンズマンション鷺沼第２
590,アートハビテーション
591,フィールＡ渋谷（オーナーチェンジ）
592,カーサ幡ヶ谷（オーナーチェンジ）
593,第２古河ガーデンマンション
594,アトランティス津田沼Ⅰ
595,菱興マンション
596,府中日綱団地１９号棟
597,ハイネスロワイヤル（オーナーチェンジ）
598,湯島武蔵野マンション（オーナーチェンジ）
599,ランドステージ金沢文庫
600,中銀桜新町マンシオン
601,ベラパルト三田
602,阿佐ヶ谷コーポラス（オーナーチェンジ）
603,小栗原住宅２号棟
604,荻窪ダイヤモンドマンション（オーナーチェンジ）
605,チサンマンション三軒茶屋第２（オーナーチェンジ）
606,ダイヤハイツ三軒茶屋（オーナーチェンジ）
607,コーポ第２鷺沼
608,シャンブル幡ヶ谷
609,ルイシャトレ鷺沼ヒルトップコート
610,セザール第二上北沢
611,ダイアパレス湘南藤沢Ⅱ
612,ニュー小金井マンション
613,二俣川パーク・ホームズ壱番館
614,グリフィン横浜ウェスタ（オーナーチェンジ）
615,三鷹パールマンション
616,ライオンズヒルズ希望ヶ丘（オーナーチェンジ）
617,長津田パークハイツ
618,自由ヶ丘フラワーマンション
619,コンフォラス千石
620,つつじが丘サンハイツ
621,セレネ北小金Ⅱ
622,菱和パレス文京南（オーナーチェンジ）
623,アヴァンツァーレ川崎ＥＡＳＴ 701号室（オーナーチェンジ）
624,アヴァンツァーレ川崎ＥＡＳＴ 503号室（オ-ナーチェンジ）
625,ヴァレッシア尾久シティ（オーナーチェンジ）
626,ＬＡ．ＰＲＡＹＬＥ新横浜（オーナーチェンジ）
627,マイキャッスル湘南逗子サンヴェローナ参番館
628,日神デュオステージ六郷土手（オーナーチェンジ）
629,インペリアルブラフ
630,トレゾール亀戸1201号室（オーナーチェンジ）
631,トレゾール亀戸401号室（オーナーチェンジ）
632,ダイナシティ王子（オーナーチェンジ）
633,グリーンヒル鴨志田団地20号棟403号室
634,バームハイツ荻窪（オーナーチェンジ）
635,篠原コーポラスＤ棟（オーナーチェンジ）
636,リブゼ横浜プリズムコート（オーナーチェンジ）
637,ワコー東日本橋マンション（オーナーチェンジ）
1501,クリオ文京本駒込
1502,アイ・タウン
1503,パークコート虎ノ門愛宕タワー
1504,ステラレジデンス中目黒
1505,マンションニュー目黒
1506,ステラスイート玉川田園調布
1507,ディアナコート碑文谷イーストアベニュー
1508,パークハウス多摩川南参番館
1509,ユニーブル大森山王
1510,ステラレジデンス高円寺 502号室
1511,ステラレジデンス高円寺 302号室
1512,ステラレジデンス氷川台 505号室
1513,ステラレジデンス氷川台 301号室
1514,ステラレジデンス氷川台 107号室
1515,ステラレジデンス高円寺 202号室
1516,ハウス城北中央公園
1517,マンションニュー清澄
1518,リリオ弐番館
1519,ライオンズマンション立石リバーサイド
1520,セザール南小岩
1521,ライオンズマンション高砂
1522,ダイアパレス三鷹
1523,ヴェルドミール多摩川 402号室
1524,保谷パークハウスB棟
1525,溝の口スカイハイツ
1526,コスモ梶ケ谷
1527,たまプラーザパーク・ホームズ2番館
1528,ゾンネンハイム元住吉
1529,リーベスト山手
1530,ステラガーデン南生田 705号室
1531,レクセル大宮
1532,デュオプラザ川口壱番館
1533,パークホームズ南浦和セントラルフォレスト
1534,ポルテ29
2001,コスモ西葛西 902号室
2002,成城コーポ 307号室
2003,グランフォート鎌倉山ノ内 209号室
2004,国分寺パーク・ホームズ 502号室
2005,セザール西武柳沢 208号室
2006,大島サンハイツ 302号室
2007,D'グラフォート世田谷芦花公園 323号室
2008,トーア早稲田マンション 204号室
2009,クリスタルコート鳥居坂 203号室
2010,扶桑ハイツ青葉台 501号室
2011,マンション市ヶ谷 603号室
2012,ライオンズマンション東大井第2 103号室
2013,ダイアパレスグランデージ千住大橋 202号室
2014,東墨田中古戸建 -号室
2015,ビリジアン学芸大学 202号室
2016,グレンパーク駒場 E812号室
2017,サーパス綾瀬 702号室
2018,スカール築地 1102号室
2019,シャローム大塚 203号室
2020,イトーピア音羽 405号室
2021,日神パレステージ南大井 301号室
2022,アクトピア北赤羽壱番館 706号室
2023,ハイホーム武蔵関A館 401号室
2024,ルネ豊玉 103号室
2025,ハイツ魚藍坂 102号室
2026,ディナ・スカーラ品川戸越 103号室
2027,パークハイツ小豆沢 103号室
2028,レクセルマンション北千住 302号室
2029,パルシオ五番町 509号室
2030,ライオンズマンション浦和常盤公園 1004号室
2031,北烏山サン・ローモンド 205号室
2032,◆1棟売ビル(収益物件)◆エフステージ麻布ビル -号室
2033,ライオンズマンション門前仲町第6 901号室
2034,東山コーポラス 704号室
2035,藤和調布柴崎コープ 106号室
2036,東建品川南ハイツ 1201号室
2037,ライオンズマンション元麻布 102号室
2038,ドムス南麻布・西館 202号室
2039,ブルーハイツ多摩川 507号室
2040,ナイスアーバン五反野中央本町 307号室
2041,エクセレンス笹塚 401号室
2042,グローリオ明大前 202号室
2043,ハイネス恵比寿 703号室
2044,桜上水ハイム 107号室
2045,藤和三軒茶屋コープ 204号室
2046,ハイネス上板橋 230号室
2047,藤和三軒茶屋コープ 1001号室
2048,パークスクエア千歳船橋 203号室
2049,エル・アルカサル目黒 301号室
2050,アルス代々木参宮橋コート・アデリオン 209号室
2051,ミオカステーロ目黒都立大2 102号室
2052,エスカイア西荻窪 102号室
2053,西五反田コープ 601号室
2054,グリーンコーポ多摩センター弐番館 305号室
2055,五反田コーポビアネーズ【代理】 1101号室
2056,ジェイパーク多摩川リバージュ 1003号室
2057,グリーンハイツ車返南第3号棟 102号室
2058,狛江ハイタウン2号棟 712号室
2059,朝日ラ・パリオ学芸大学 204号室
2060,コーラルハイツ滝野川 104号室
2061,秀和恵比寿レジデンス 307号室
2062,シティコープ萩中 404号室
2063,マンション恵比須苑 303号室
2064,パーク・コート表参道 204号室
2065,ルネ・ブランシュ横浜海岸通り 202号室
2066,ヴィルヌーブ戸田公園 707号室
2067,スカイシティ豊洲 1605号室
2068,日商岩井方南町マンション 1102号室
2069,カテリーナ石神井公園 502号室
2070,六義園サマリヤマンション 602号室
2071,アルカンシェル高井戸 404号室
2072,東大井スカイハイツ 203号室
2073,ファミール戸塚ブランニュー250 103号室
2074,Brillia小日向 405号室
2075,クリオ上北沢 104号室
2076,ドムス元麻布 205号室
2077,シャンボール池田山 602号室
2078,ヒルズ宮前平 102号室
2079,セントラルレジデンス新宿シティタワー 2102号室
2080,コンドミニアム仙台堀パーク 419号室
2081,蓮根サンパワー 402号室
2082,ドムス南麻布・西館 302号室
2083,ディアハイム目黒 502号室
2084,武蔵野エイトマンション 706号室
2085,ローズアヴェニュー西巣鴨 502号室
2086,成城北フラッツ 402号室
2087,ナビオ柴又 503号室
2501,ルマージュ綾瀬
2502,秀和奥沢レジデンス
2503,田園パークマンション
2504,ラインズマンション十条台
2505,湯島ハイタウン
2506,ライオンズシティ九段
2507,吉祥寺マンション
2508,ライオンズプラザ町屋
2509,藤和八丁堀コープⅡ
2510,サンヴェール大森ヒルズ１番館
2511,マイキャッスル日本橋中洲
2512,ライオンズグローベル蒲田センターフォート
2513,ライオンズマンション麻布
2514,クレ－ル島津山
2515,ファミール浜園
2516,レジェンド南青山ガーデン
2517,メインステージ瑞江
2518,エクセルダイア萩中
2519,サンクタス西葛西
2520,日商岩井目白台マンション
2521,日神シルバーパレス鷺宮
2522,日神デュオステ－ジ浅草三筋
2523,モリス御徒町
2524,コープ府中武蔵野台3号棟
2525,ベルエア多摩川
2526,池上パークファミリア
2527,藤和シティコア池袋
2528,コーヅ白金台
2529,コスモ桜台
2530,ニューリバーハイツ
2531,赤羽台四丁目住宅
2532,長原第一マンションズ
2533,グランドメゾンつつじケ丘
2534,ライオンズプラザ亀戸
2535,清水池ニュースカイマンション
2536,南品川マンション
2537,コスモ西巣鴨
2538,上荻ダイヤモンドマンション
2539,ソフトタウン晴海
2540,ラコティスカイマンション
2541,レクセルガ－デン船堀
2542,ライオンズマンション平和台
2543,トーア辰巳マンション
2544,常盤台ビューハイツ
2545,ライオンズマンション武蔵砂川
2546,プリンスプラザ田無
2547,保谷パークハウスＡ棟
2548,田園調布ハイツ
2549,ライオンズシティ千石
2550,東陽町ハイホームA棟
2551,ライオンズマンション都立大学第２
2552,サンシティＨ棟
2553,ライオンズガーデン調布多摩川
2554,ライオンズガ－デン調布多摩川
2555,ハウス深沢
2556,ライオンズマンション多摩川緑地
2557,ハイライフ用賀
2558,ワコ－レ東中野Ⅱ
2559,エテルナハウス田原町
2560,ライオンズマンション桔梗
2561,目黒小山マンション
2562,ゲートシティ大崎サウスパークタワー
2563,マンション池尻グリーンパーク
2564,中銀新橋マンシオン
2565,ライオンズマンション文京
2566,西台サニーコーポ
2567,ナイスステージ大森山王西
2568,中目黒ガーデン
2569,ライオンズマンション浮間
2570,ヴェラハイツ赤坂新坂町
2571,ライオンズマンション調布Ｄ棟
2572,豊栄平町マンション
2573,ニューウェルハイツ上馬
2574,マリンシティダイヤモンドパレス
2575,ライオンズタワー池袋
2576,ライオンズマンション都立大学第２
2577,弦巻ハイツ
2578,マンション三鷹台
2579,ベルヴィル横浜三ツ境
2580,ライオンズプラザ鶴ヶ峰
2581,ライオンズマンション南林間
2582,ライオンズステーションプラザ鶴間
2583,ライオンズマンション港南Ｂ棟
2584,パークハイツ百合ケ丘
2585,ディアフォレスト橋本台
2586,ハイマート横浜
2587,ライオンズマンション二俣川
2588,港北ニュータウンかしの木台ハイツ5号棟
2589,泉シャトー
2590,プラウド南林間
2593,ライオンズ茅ヶ崎ザ・アイランズⅡ街区
2595,ロワール横浜西
2596,ライオンズマンション生麦第２
2597,梶ヶ谷グリーンハイツ
2598,ダイアパレス藤沢第２
2600,ライオンズマンション長後
2601,ライオンズマンション青葉台第６
2602,グランシーナ横濱鶴見
2603,コットンアイランドアルテ
2604,ベルメゾン川口
2605,若葉グリーンハイツＣ号棟
2606,ライオンズマンション和光第二
2607,ライオンズマンション東浦和第２
2608,デュ－ク草加
2609,レクセル川越
2610,ルミナス常盤
2611,トーカンマンション川口第三
2612,北浦和マンション
2613,ライオンズガーデン大泉学園
2614,レクセルマンション舞浜
2615,市川第２ファミリーマンション
2616,マイランド蘇我
2617,レクセルガーデン浦安
2618,ライオンズマンション八街中央
2619,エクセレント柏アルトロ
2620,シャンボール新松戸
3001,生田明王台ハイツ Ｂ棟
3002,車返団地１街区 １５号棟
3003,田園フラワーホーム
3004,荻窪コーエイマンション
3005,第二川口ハイツ
3006,ニックハイム仙台坂
3007,ラディエンス関内南
3008,秀和麻布笄町レジデンス
3009,ウエスト小金井 ２号棟
3010,パシフィック磯子マンション
3011,コンテ西葛西
3012,ＳＳＫグリーンパーク仲町
3001,生田明王台ハイツ Ｂ棟
3002,車返団地１街区 １５号棟
3003,田園フラワーホーム
3004,荻窪コーエイマンション
3005,第二川口ハイツ
3006,ニックハイム仙台坂
3007,ラディエンス関内南
3008,秀和麻布笄町レジデンス
3009,ウエスト小金井 ２号棟
3010,パシフィック磯子マンション
3011,コンテ西葛西
3012,ＳＳＫグリーンパーク仲町
3014,シャンボール第２大森
3015,パークシティ新川崎 Ｃ棟
3016,仲六郷ハウス
3017,キャッスル新宿
3018,クレストフォルム津田沼
3019,フドウ船橋ハイツ
3020,藤和碑文谷ホームズ
3021,マンション目黒苑
3022,朝日動坂マンション
3023,パサニアガーデン目白台
3024,関屋ステーションハイツ
3025,キャッスルマンション武蔵小山
3026,ニューライフマンション木場
3027,シャンボール文京
3028,ライオンズマンション太子堂
3029,ナイスアーバン新川崎
3030,池田山スカイマンション
3031,池田山スカイマンション
3032,マンション初穂高島平
3033,ニューハイツ田園調布
3034,ベルテ中野江古田 Ｂ号棟
3035,日商岩井代官山マンション
3036,コーポ恵比寿
3037,西船橋ハイム ３号棟
3038,ダイアパレス鶴見第弐
3039,グランシティ横濱テラッツア
3040,ロイヤルハイツ蒲田
3042,アーバンハイツ巣鴨 Ｂ棟
3044,ビューハイム上池台
3045,ワコー千石マンション
3047,コスモパーク川口
3048,子安台共同ビル
3050,パラスト上北沢
3051,アルカサーノ南馬込
3052,ＣＯ・ＯＰＥＲＡ
3053,東雲マンション
3055,京成サンコーポ小岩
3056,グランドパーク京王よみうりランド
3057,シャンボール柿の木坂
3058,東十条グリーンハイツ
3059,砧フラワーマンション
3060,幕張グリーンハイツ
3061,セレナハイム多摩川中野島
3062,秀和高輪レジデンス
3063,パラスト野方
3064,グローリア初穂ときわ台
3065,ニューハウス西日暮里
3066,大森海岸パークハウス Ｓ棟
3067,中葛西スカイハイツ
3069,中落合マンション
3070,新池田山マンション
3071,大森駅前住宅 ２号棟
3073,日本橋ニューシティダイヤモンドパレスＢ棟
3075,宮前平富士通ハイツ Ａ号棟
3076,マンション五反田
3079,コーヅ大崎ハイツ
3080,日商岩井北浦和マンション Ｂ号棟
3081,レジェンド南長崎
3082,南品川ロイアルハイツ
3084,田園メイゾン
3086,伊勢佐木町レインボーマンション
3087,三鷹ナショナルコート
3088,コープ野村大島 ２号棟
3089,亀有グリーンマンション
3090,けやき通り北八番館
3091,日吉ハイホーム
3092,東大島ハイライズ
3093,若林コンド
3094,モンシェール根津
3095,小栗原住宅 ３号棟
3097,秀和亀戸天神橋レジデンス
3100,田園ハイツ藤が丘
3101,星川シュロス
3102,シルキーハイム調布南
3103,パラスト大井
3104,プライム東大井
3105,ラミアール西船橋
3106,セザール第３伊勢佐木町
3108,豊栄狛江マンション
3109,谷津遊園ハイツ Ｂ棟
3110,西船橋ハイム ３号棟
3111,目白ガーデニア
3112,クレール三田
3114,マンション池上
3115,日神パレス川口
3116,秀和第２奥沢レジデンス
3117,パークサイド船橋
3118,マンションサニング品川
3119,ハマイハイライズ
3121,明大前グランドハイツ
3122,日生住宅目黒マンション
3123,マンション戸田橋
3125,ウインザーハイム南砂
3126,シャンボール南品川
3127,迦葉三鷹マンション
3128,調布スカイマンション
3129,秀和西新井レジデンス
3130,コープ中延
3131,コート武蔵小金井
3132,大倉山シュロス
3133,伊勢佐木南パークハウス壱番館
3134,モナーク大井
3136,レヂオンス三鷹
3137,磯子センチュリーマンション
3139,トーア大森マンション
3141,府中武蔵野台グランドハイツ
3143,コスモ宮前平
3144,ウッディライフお花茶屋
3145,東武ハイライン世田谷
3146,コンドミニアム亀有 Ａ号棟
3148,コトー宮前平
3150,美原ハイツ
3152,サンヴァリュー上池台
3153,インフィニティ渋谷山手
3154,富士見台ファミリーマンション
3155,マンションニュー目黒
3156,シャトー小金井
3157,パークサイド船橋
3159,ダイアパレス武蔵境２
3162,マンション駒場
3164,シャンボール生麦
3165,ＮＫ五反田コータース
3166,目黒アムフラット
3167,東建第２上町マンション
3168,クィーポ狛江
3169,ミオカステーロ狛江アンバーコート
3170,藤が丘パークハウス Ｂ号棟
3172,ソフトタウン調布
3173,サントーア西日暮里
3174,日吉第２ハイム Ｂ棟
3175,シャンボール大森
3176,ファミール亀戸
3177,財住協１３三鷹マンション
3178,ハイシティ目黒
3179,シャンボール生麦
3180,ライオンズマンション元麻布
3182,日商岩井小島町マンション
3183,ニュー西船橋マンション
3184,ダイアパレス東砂
3185,ハイネス国分寺
3187,三協原木中山駅前ハイツ
3188,日商岩井第二鶴見マンション
3189,ノア南麻布
3190,ワコー幡ヶ谷マンション Ａ号棟
3191,ライオンズマンション調布第２
3501,メイゾン弦巻 304号室
3502,パークハイツ多摩川 315号室
3503,グランハイム町屋 305号室
3504,日商岩井亀戸マンション 102号室
3505,ウィンザーハイム南砂 810号室
3506,タワーテラス目黒青葉台 1005号室
3507,アンクレール初台 204号室
3508,インぺリアル常盤松 205号室
3509,セーナ中野南台 602号室
3510,アミティ中野 601号室
3511,アイビハイツ南品川 709号室
3512,日商岩井亀戸マンション 707号室
3513,キャニオンマンション第4高島平 104号室
3514,狛江ハイタウン2号棟 608号室
3515,ライオンズマンション府中宮西町 501号室
3516,セザールアクアフロント勝どきイースト 602号室
3517,ソフィア板橋徳丸 206号室
3518,桜新町シティハウス 403号室
3519,パレ・ド・エール砧 103号室
3520,トーカンマンション錦糸町 602号室
3521,北砂四丁目住宅 1232号室
3522,マンションセントポール 503号室
3523,ビューハイツ日本橋 405号室
3524,上北沢パークホームズ 405号室
3525,武蔵小金井サンハイツ 510号室
3526,コスモ国立 501号室
3527,上野ロイヤルハイツ 1306号室
3528,パークハウス世田谷松原 107号室
3529,ヴェルレージュ小日向 303号室
3530,ネオコーポ調布 608号室
3531,目白ハイツ 608号室
3532,東急ドエルアルス碑文谷 306号室
3533,ニュー武蔵野マンション 501号室
3534,カーサ五番町 203号室
3535,アス西早稲田東ウイング 708号室
3536,四谷軒第一経堂シティコーポ 410号室
3537,ディアコート新宿柏木 303号室
3538,つつじヶ丘サンハイツ 203号室
3539,パークハイム東陽町 606号室
3540,東中野パークマンション 104号室
3541,ニックハイム多摩川 106号室
3542,城西ビル 301号室
3543,ニュー目白マンション 501号室
3544,コスモ市ヶ谷北町 406号室
3545,ライオンズマンション西馬込 402号室
3546,ライオンズマンション松原 906号室
3547,狛江セントラルハイツ 1-116号室
3548,アルヴァローレ西ヶ原 203号室
3549,西新宿ハウス 303号室
3550,スターロワイヤル中野 402号室
3551,東急ドエル・アルス豪徳寺リフィーナス 206号室
3552,グランドベイス経堂レジデンス 404号室
3553,ルーバンハイツ武蔵野 205号室
3554,永福町パーク・ホームズ 301号室
4001,深大寺レジデンス
4002,ヴェルナード大倉山弐番館
4003,プラザシティ相模大野3号棟
4004,藤和シティホームズあざみ野
4005,扶桑ハイツたまプラーザの杜
4006,ベルシャトウ戸塚壱番館
4007,ソフィア町田タワーギャラリー
4008,サンヴェール梶が谷
4009,ライオンズ東大島リバーフィールド
4010,パルミナードあざみ野弐番館
4011,ランドコート調布布田
4012,東急ドエルアルス相模大野
4013,パークスクエア中央林間グラン・プリヴェ
4014,府中武蔵野台グランドハイツ
4015,ブレスマーク調布多摩川
4016,ミオカステーロあざみ野Ⅱ
4017,溝の口南パーク・ホームズ弐番館
4018,ライオンズプラザ武蔵新城
4019,Be FORT
4020,ライオンズガーデン相模大野
4021,ネバーランド二俣川ガーデンテラス
4022,氷川台南パーク・ホームズ
4023,アデニウム小田急相模原
4024,メイツ相模大野
4025,藤和シティホームズ平井
4026,グリーンシティーたまプラーザ参番館
4027,クリスタルハイム瑞江
4028,ライオンズガーデン町田
4029,シャリエ錦糸町
4030,インペリアル横浜パークサイド
4031,モアクレスト梶ヶ谷
4032,ラ・アトレ湘南藤沢
4033,イトーピアたまプラーザ
4034,グランシャリオ緑園都市
4035,ハイラーク上大岡
4036,ライオンズマンション溝の口
4037,パルミナード横浜仲町台
4038,サーパス青葉台第2
4039,カインドステージ横浜西
4040,ジェイパーク調布多摩川
4041,ライオンズマンション調布の森
4042,ライオンズガーデン調布多摩川
4043,プランヴェール湘南台
4044,ライオンズマンション横浜中央
4045,日神パレステージ横浜第2
4046,レーベンハイム西小岩ロイヤルガーデン
4047,グリーンハイム弥生台7号棟
4048,ミオカステーロ府中小柳町Ⅱ
4049,ロイヤルステージ元住吉
4050,クリオ横浜高島町壱番館
4051,日神パレステージ聖蹟桜ヶ丘
4052,ライオンズマンション小田急相模原第2
4053,グレイスガーデン上大岡
4054,ローレルスクエア港南台
4055,小田急相模原パーク・ホームズ
4056,ライオンズマンション横浜駅西第三
4057,藤和シティコープ町田
4501,パークタワー横浜ステーションプレミア
4502,クレストシティタワーズ横浜
4503,レールシティ湘南茅ヶ崎
4504,永田町タウンハウス
4505,ルイシャトレ鶴ヶ峰
4506,ライフヒルズ金沢八景サウスヒル
4507,プレステージ磯子
4508,朝日プラザ保土ヶ谷
4509,藤和東寺尾コープ
5001,アドミレー成増 309号室 
5002,エクレール洗足 102号室 
5003,ライオンズマンション砧公園第2 102号室 
5004,三田吉祥寺コーポ 504号室 
5005,ハイホーム本陣 1409号室 
5006,ジョージパーク布袋堂 306号室 
5007,トーエイ大森コープ 506号室 
5008,センチユリー学芸大 104号室 
5009,洗足ミナミプラザ 702号室 
5010,大泉学園コーポラス 702号室 
5011,日興パレス麻布狸穴 102号室 
5012,ストークビル赤坂 602号室 
5013,自由ヶ丘第3マンション 702号室 
5014,祐天寺住研コーポ 604号室 
5015,高円寺ダイヤモンドマンション 310号室 
5016,扶桑ハイツ下赤塚 303号室 
5017,スカイタウン若林 404号室 
5018,ライオンズプラザ新宿 702号室 
5019,アドリーム原木中山 606号室 
5020,大森山王リハイム 504号室 
5021,大塚スカイマンション 304号室 
5022,クレスト南浦和参番館 206号室 
5023,東建ニューハイツ九段 505号室 
5024,錦糸町一重ローヤルコーポ 204号室 
5025,秀和清澄レジデンス 609号室 
5026,南千住スカイハイツ 904号室 
5027,西新井スカイハイツB棟 619号室 
5028,サトミビル（池袋住宅） 902号室 
5029,ライオンズガーデン小竹向原 203号室 
5030,メゾン武蔵関 302号室 
5031,サンモール道玄坂 222号室 
5032,方南町セントラルマンション 606号室 
5033,所沢コーポラス B-509号室 
5034,カーサ本所 408号室 
5035,パレ・ドール文京第二 402号室 
5036,ライオンズプラザ石川台 606号室 
5037,アルベルゴ御茶ノ水 322号室 
5038,コーポ洗足 702号室 
5039,目黒小山マンション 209号室 
5040,ハイライフ大森 1001号室 
5041,用賀コーポラス 503号室 
5042,大森永谷マンション 813号室 
5043,船橋ファミリータウン第3 5号棟 204号室 
5044,藤和仙川コープ 308号室 
5045,マンション方南町 304号室 
5046,ヴィラ赤坂 410号室 
5047,清澄ハイツ 605号室 
5048,祐天寺ハイツ 204号室 
5049,ニュー小金井マンション 707号室 
5501,スカイハイツトーカイ －702 号室－
5502,ライオンズマンション新中野 －204 号室－
5503,モンテベルデ六義園 －501 号室－
5504,モア・ステージ一之江 －310 号室－
5505,ルピナス三ノ輪 －901 号室－
5506,藤和門前仲町コープ －502 号室－
5507,グランノエル南町田 －702 号室－
5508,サンハイツ東十条 －1003号室－
5509,GS ハイム武蔵関 －205 号室－
5510,三田松原コーポ －102 号室－
5511,ダイアパレス西巣鴨 －1002 号室－
5512,アエリア高円寺 －603 号室－
5513,高円寺ナショナルコート －408 号室－
5514,三田ハイデンス －805 号室－
5515,アルス品川ラ・パルフェ －403号室－
5516,豊洲ハイライズ －323 号室－
5517,プレイヤー日吉 －303号室－
5518,アルテール新宿 －1007号室－
5519,青葉区松風台中古戸建
5520,加賀ガーデンハイツ －402 号室－
5521,グランドステージ上北沢 －703号室－
5522,ロアジス文京 －503 号室－
5523,ルピナス上北沢 －203号室－
5524,ユニーブル御殿山南 －401号室－
5525,GS ハイム豊田 －302 号室－
5526,ライオンズマンション南平台 －701 号室－
5527,代々木コーポラス －501号室－
5528,パストラルハイム西蒲田 －701 号室－
5529,シティハイツ吉祥寺 －106 号室－
5530,シャンボール馬込 －103号室－
5531,クレストフォルム亀戸 ブライトスクエア －202 号室－
5532,ランドステージ川崎 －303 号室－
5533,サンハイツ東十条 －503 号室－
5534,デュオステージ新宿中落合 －203号室－
5535,メイツ大井町 －307号室－
5536,藤和池袋ホームズ －108 号室－
5537,ハイライフ蒲田 －901 号室－
5538,赤羽グリーンハイツ －608号室－
5539,レクセルガーデン 志村坂上 －406 号室－
5540,アクス御殿山 －1207 号室－
5541,サンマンションアトレ東雪谷 －501 号室－
5542,シャルムコート新中野 －404 号室－
5543,フジマンションウィスタリア －304 号室－
5544,コットンハーバータワーズ シーウエスト －2903 号室－
5545,朝日シティパリオ島津山 －402 号室－
5546,池ノ上グロリアハイツ －201号室－
5547,クレスト木場公園 －604 号室－
5548,白鳳マンション中野新橋 －501 号室－
5549,ハイホーム御殿山 －514 号室－
5550,アークステージ板橋本町Ⅱ －501 号室－
5551,タックプラザ －518号室－
5552,ザ・晴海レジデンス －1104 号室－
5553,ライオンズマンション茅場町 －701 号室－
5554,共栄ハイツ東高円寺 －209 号室－
5555,成宗マンション ?1305号室?
5556,Ｄ‘グラフォート 世田谷芦花公園～112 号室 －
5557,プラウド千歳烏山～102 号室 [地下1階] －
5558,コーポ麹町 ?805 号室?
5559,葛西サンハイツ ?1103 号室?
5560,東建ニューハイツ赤塚公園 ?505 号室?
5561,大山サンハイツ ?501 号室?
5562,中銀南青山マンシオン ?803 号室?
5563,アドミレー成増 ?504号室?
5564,トーエイ高井戸 ?301 号室?
5565,ユニアス吉祥寺北町マンション ?203 号室?
5566,明穂和泉マンション ?307 号室?
5567,ダイナシティ市谷仲之町～201 号室 ?
5568,トーカンマンション駒込～405 号室 ?
5569,加賀町グリーンハイツ～303 号室 ?
5570,東急ドエルアルス矢口 ?102 号室?
5571,ライオンズマンション大倉山新羽町 ?204 号室?
5572,エステスクエアふれあいの丘 ?402号室?
5573,志木ニュータウン中央の森 壱番街 ?404号室?
6001,グリーンタウン安行東住宅
6002,ライオンズマンション湘南芦名
6003,スカイハイツ相模原
6004,サングレイス油壺ケープヒルズ
6005,ウィスタリアマンション第２大南
6006,ヒルズさがみ野
6007,ライオンズマンション金沢八景第１０
6008,東急ドエル江田ビレジ
6009,ヴィシィビル平戸
6010,藤沢立石ハイツ
6011,相武台西パークホームズ
6012,ライオンズマンション大宮大和田
6013,ベルメゾン東戸塚
6014,ライオンズマンション与野本町第３
6015,第１富士マンション
6016,リバティーハイツ橋本
6017,フローラ桂台
6018,藤和三鷹コープ
6019,ライオンズマンション相模野
6020,三浦海岸ハイツ
6021,ドリームホーム松戸
6022,湘南台リリエンハイム
6023,ライオンズマンションつきみ野の森
6024,サングレイス戸塚南
6025,エクレール横浜新子安
6026,ニューキャピタル幕張
6027,サニークレスト湘南八景
6028,コスモ西谷
6029,マンハイム大倉山
6030,サニークレスト湘南八景
6031,府中日鋼団地
6032,ライオンズマンション衣笠駅前
6033,サニーウェル泉谷
6034,グリーンヒルズひばりが丘
6035,ダイアパレス昭和公園
6036,ハイネス立川
6037,サンライズ渕野辺
6038,ニュー町田ハイツ
6039,清瀬プリンスハイツ
6040,コスモ浦和原山センターウィング
6041,リーベスト勝田台エルベールの街
6042,リーベスト勝田台エルベールの街
6043,上大岡ハイツ
6044,新柏ガーデニア東の街２番館
6045,ハイホーム立川一番町
6046,前田ハイツ
6047,宮前平エコーハイツ
6048,ヴィザージュ大和
6049,タウンコート南町田
6050,コスモ浦和原山センターウィング
6051,ニックハイム上大岡第５
6052,サンライズ渕野辺
6053,新所沢ミナミプラザ
6054,パークヒルズめじろ台
6055,リーベスト勝田台エルベールの街
6056,ジェイパーク武蔵小山２番館
6057,五反田ニュースカイマンション
6058,ライオンズガーデン大宮
6059,カムカムタウンウィズ柏
6060,コスモ湘南野比海岸
6061,ワコーレ橋本２
6062,ドラゴンマンション橋本１０番館
6063,ネオステージあきるの駅前通り
6064,ハイネス南柏
6065,ハイタウン塩浜第２
6066,ハイライフ横浜
6067,ダイアパレス千葉中央公園
6068,サンライトパストラル２番街
6069,港南台プリンスハイツ
6070,行徳マンション
6071,町田ガーデンハウス
6072,クオス湘南台
6073,バームハイツ福生
6074,エクセレンス八王子
6075,パークハイツ百合ヶ丘
6076,迦葉南品川マンション
6077,たまプラーザ西パークホームズ
6078,グランシティ横濱保土ヶ谷
6079,綱島マンション
6080,オリエント丹野マンション豊田
6081,コスモ茅ヶ崎サザンヒル
6082,オークヒルズ上池台
6083,レールシティ橋本
6084,ルネ戸塚弥生台
6085,ルネ戸塚弥生台
6086,ロータリーパレス浦和西
6087,吉祥寺パールハイツ
6088,ライオンズマンション北綾瀬第７
6089,パテラスクエア薬園台
6090,サンクレイドル志木
6091,リステージ茅ヶ崎ツインマークスイーストエア
6092,ロータリーパレス逗子
6093,ライオンズマンション幕張セントパークス
6094,アルカサル岸谷
6095,コスモお花茶屋３番館
6096,サンヴェール鶴見岸谷公園
6097,ルミネ梶ヶ谷
6098,若葉台団地
6099,アドリーム梅島
6100,コスモ西新井クレステイジ
6101,東立石ガーデン
6102,ビクトリアヒルズ横濱サウス
6103,ゼファー習志野バーズアリーナ
6104,リバーサイド川崎
6105,ダイアパレス東浦和
6106,レーベンスクエアリマインドヒルズ
6107,ガーデンブリーズ光の街
6108,ダイアパレス戸越
6109,砧グリーンハイム第２
6110,ＷＴＣ鶴ヶ峰マンション
6111,アリスガーデン横浜
6112,インペリアル東久留米
6113,モアステージ墨田
6114,祖師谷ハイツ
6115,マークスプリングスメゾン
6116,ザステイツ志木
6117,新ゆりグリーンタウンけやき街区
6118,ベルドゥムール海老名２番館
6119,ライオンズガーデンひばりヶ丘第２
6120,東急ドエルフェニックス
6121,マンション市谷台
6122,秀和門前仲町レジデンス
6123,ハイツ浦和
6124,ゼファーアートフィールズフェアステージ
6125,新稲毛ガーデンタワー
6126,シャロンド成城
6127,グーディッシュ愛甲石田
6128,グランドメゾン調布小島町
6129,プラネッタシティめじろ台
6130,エクシオ藤沢石名坂公園
6131,ダイアパレス橋本
6132,ベルシャトゥ新小岩
6133,アビテ南阿佐ヶ谷
6134,ニューキャピタル浅草
6135,セーナ多摩センター
6136,藤和シティホームズ湘南茅ヶ崎
6137,藤和シティコープ練馬平和台
6138,藤和シティコープ所沢
6139,オーベル多摩永山
6140,ランドシティ立川多摩川テラスガーデンコート
6141,コスモ船橋グレイスフォーム
6142,グランドメゾン洋光台
6143,マートルコート麹町
6144,Ｇｒａｃｅ Ｃｏｕｒｔ Ｋａｓａｉ（グレイスコート葛西）
6145,ウィルローズ梅島クオーレ
6146,ライオンズマンション浦安第２
6147,ライオンズマンション森田多摩川
6148,マートルコート麹町
6149,ライオンズガーデン金町リバーステージ
6150,日神パレステージ立川
6151,三鷹芙蓉ハイツ
6152,グランセレッソ横濱戸塚
6153,ネオハイツ我孫子
6154,ジェム西川口ルミオール
6155,エスリール世田谷赤堤
6156,朝日プラザ上北沢
6157,アルファホームズ中野中央
6158,ヴェレーナ東戸塚
6159,荻窪スカイハイツ
6160,アーバンキャッスル武蔵小杉
6161,サーパス調布
6162,シーズガーデン多摩矢野口
6163,グリーンパーク上板橋
6164,ヴェラハイツ日本橋箱崎
6165,リュクス墨田
6166,ジョイ茅ヶ崎パート１
6167,シーズスクエア鶴見
6168,コンドミニアムヴェル大倉山
6169,秀和三田綱町レジデンス
6170,戸塚吉田町パークホームズ
6171,ヴァルコート長津田
6172,モナークマンション海老名２
6173,ネオマイム逗子
6174,青山アジアマンション
6175,パークサイド亀戸
6176,コスモ２１ザガーデンズフォート
6177,アーバンキャッスル田端
6178,恵比寿ハイツ
6179,クリオ横浜関内３番館
6180,アルファスシティ大島
6181,グランシティ練馬春日町２
6182,代々木公園ガーデニア
6183,東京リバースフォート
6184,パレドエール砧
6185,迦葉武蔵野第２マンション
6186,セボンブランシェ武蔵野プランタン
6187,ユニーブル千歳船橋
6188,潮路南第２ハイツ
6189,ベルハイム学芸大学
6190,魚菜エステート
6191,クレッセント目白
6192,アネックス小柳
6193,ベルハイム下北沢
6194,パークシティモアナヴィラ新浦安
6195,ライオンズマンション広尾第２
6196,赤坂台マンション
6197,赤坂台マンション
6198,パークコート砧ヒルサイド
6199,イトーピア東広尾マンション
6200,ソアールタワー市ヶ谷の丘
6501,エンゼルハイム港南台第二
6502,コスモ上池台
6503,エンゼルハイム大森第６
6504,パストラルハイム西蒲田
6505,サンマンション東糀谷
6506,蒲田ビューハイツ
6507,メゾンドール多摩川
6508,千葉ガーデンタウンB棟
6509,ガーデンアクシスウエストハウス
6510,久喜スカイハイツ
6511,ドルフ磯子
6512,北新宿パークハイツ
6513,蒲田公園マンション
6514,深川住宅Ｂ
6515,コープ野村大森
6516,向陽ハイツ
6517,サンビューハイツ千駄ヶ谷
6518,クレストシティタワーズ横浜
6519,ユニハイム南浦和
6520,秋津第三団地１０号棟
6521,ブライトシティ船橋
6522,シャルム綾瀬
6523,本厚木スカイハイツ
6524,海老名スカイハイツ
6525,海老名スカイハイツ
6526,田端スカイハイツ
6527,バームステージ西葛西
6528,ガーデンホーム品川シーサイド
6529,成城サンハイツ
6530,レックス藤沢
6531,プラザ南行徳
6532,メイツ川口第二
6533,藤沢長後スカイハイツ
6534,リバーサイドタウン木場南スカイハイツ
6535,イト―ピア古淵ソレイユ
6536,グリーンコーポ大宮日進
6537,グリーンビューニュー川口
6538,ライオンズプラザ大宮
6539,メルシー中延
6540,ザクス
6541,勝どきハイム
6542,ヴェラハイツ大森
6543,朝日サテライト六本木
6544,根岸台第一マンションズ
6545,ハイラーク船堀
6546,リビオ船橋ブライトテラス
6547,日商岩井北浦和マンションＡ
6548,ワコーレロイヤルヒルズ横浜蒔田
6549,駒込コーポラス
6550,岩槻スカイハイツ
6551,パーク上尾壱番館
6552,モアクレスト西台
6553,グリーンビュー第３川口
6554,シーリア金沢文庫
6555,扇橋サンハイツ
6556,コスモ浮間舟渡プレサージュ
6557,ドラゴンマンション町田弐番館
6558,ロイヤルステージ船橋三咲
6559,朝霞スカイハイツ
6560,日商岩井亀戸マンション
6561,シティハイツ大井町
6562,ソシアル行徳
6563,ソフトタウンニュー谷津遊園
6564,ユニヴェルシオール学園の丘
6565,サンアリーナ相模大野ワイディア
6566,プラザ南行徳
6567,津田沼ハイツ
6568,芦花公園スカイハイツ
6569,いずみハイツ保土ヶ谷
6570,横濱山手テラス 弐番館
6571,イニシア大宮宮原 コンフォートリッジ
6572,マンションニュー田端
6573,桜木町パークハウス
6574,グリーンパーク東砂
6575,ライオンズガーデン砧公園
6576,ハイラーク本牧
6577,津田沼東パーク・ホームズ弐番館
6578,ガーデンプレジール朝霞台
6579,ホーユウヒルサイドテラス上星川
6580,コスモ吉野町
6581,星の丘ビューシティC
6582,グリーンパーク西八王子
6583,モアクレスト玉川学園 ２番館
6584,レクセルマンション行徳第２
6585,ルネ大宮コートハウス
6586,コスモ戸塚パークスクエア
6587,ＹＤ鶴見マンションC棟
6588,グラン・ドムール横浜西寺尾
6589,ヴィルヌーブ保土ヶ谷 Ⅱ
6590,モアステージ横浜鶴ケ峰
6591,アリスガーデン横浜 Ｉ番館
6592,ニックハイム保土ヶ谷
6594,藤和志木コープ
